{"cameraMode":{"drawMode":0,"name":"Shaded","section":"Shading Mode"},"sceneLighting":false,"audioPlay":false,"sceneViewState":{"m_AlwaysRefresh":false,"showFog":true,"showSkybox":false,"showFlares":true,"showImageEffects":true,"showParticleSystems":true,"showVisualEffectGraphs":true,"m_FxEnabled":true},"in2DMode":false,"pivot":{"x":2.7490551471710207,"y":0.9199525713920593,"z":0.30309295654296877},"rotation":{"x":0.08694591373205185,"y":-0.87101149559021,"z":0.16689027845859528,"w":0.45378097891807558},"size":0.8660253882408142,"orthographic":false}